Order_ID,Order_Date,Product,Region,Salesperson,Quantity,Sales_Amount
ORD0001,2025-01-17,Smartphone,South,Anu,1,31049
ORD0002,2025-10-29,Headphones,East,Ravi,4,42780
ORD0003,2025-02-19,Tablet,East,Sneha,7,119658
ORD0004,2025-10-23,Monitor,North,Anu,1,10582
ORD0005,2025-03-25,Laptop,East,Sneha,4,255860
ORD0006,2025-07-14,Headphones,East,Priya,5,21515
ORD0007,2025-10-18,Keyboard,East,Priya,1,2893
ORD0008,2025-10-26,Printer,West,Sneha,7,147266
ORD0009,2025-12-15,Headphones,West,Anu,3,6813
ORD0010,2025-05-17,Mouse,East,Anu,7,6083
ORD0011,2025-11-17,Monitor,East,Priya,7,170821
ORD0012,2025-02-27,Tablet,East,Arjun,6,225084
ORD0013,2025-03-07,Headphones,West,Kiran,1,2903
ORD0014,2025-08-13,Monitor,West,Anu,9,131319
ORD0015,2025-01-04,Headphones,South,Ravi,4,44552
ORD0016,2025-10-04,Headphones,North,Meena,2,19846
ORD0017,2025-07-30,Headphones,West,Ravi,8,24704
ORD0018,2025-08-18,Smartphone,North,Vijay,1,37236
ORD0019,2025-01-08,Tablet,South,Priya,5,72350
ORD0020,2025-07-19,Tablet,East,Meena,7,133028
ORD0021,2025-01-30,Monitor,South,Sneha,7,91504
ORD0022,2025-04-06,Laptop,South,Anu,1,83284
ORD0023,2025-08-03,Headphones,East,Arjun,7,76895
ORD0024,2025-02-07,Headphones,South,Meena,6,21864
ORD0025,2025-07-09,Smartphone,East,Kiran,2,57938
ORD0026,2025-05-16,Printer,South,Anu,9,102600
ORD0027,2025-05-09,Tablet,South,Anu,5,94505
ORD0028,2025-10-10,Mouse,West,Ravi,5,5305
ORD0029,2025-01-22,Smartphone,East,Sneha,2,101510
ORD0030,2025-05-02,Laptop,North,Kiran,6,352602
ORD0031,2025-12-26,Mouse,South,Vijay,1,1492
ORD0032,2025-01-13,Laptop,North,Vijay,8,476616
ORD0033,2025-05-14,Keyboard,North,Arjun,5,17060
ORD0034,2025-10-23,Laptop,North,Arjun,2,168192
ORD0035,2025-02-05,Laptop,East,Sneha,7,315770
ORD0036,2025-04-09,Smartphone,West,Vijay,5,176345
ORD0037,2025-08-09,Tablet,East,Meena,10,253060
ORD0038,2025-12-06,Printer,East,Anu,8,191120
ORD0039,2025-08-22,Headphones,West,Priya,5,9500
ORD0040,2025-12-23,Mouse,West,Ravi,8,10368
ORD0041,2025-08-07,Headphones,West,Kiran,2,18224
ORD0042,2025-05-21,Printer,West,Anu,8,118712
ORD0043,2025-07-16,Monitor,North,Priya,4,42560
ORD0044,2025-07-19,Smartphone,South,Vijay,7,256788
ORD0045,2025-05-20,Printer,West,Meena,1,14190
ORD0046,2025-01-14,Laptop,West,Ravi,7,469196
ORD0047,2025-08-21,Smartphone,East,Sneha,7,316799
ORD0048,2025-06-29,Mouse,North,Anu,5,13045
ORD0049,2025-08-31,Laptop,South,Priya,1,61205
ORD0050,2025-10-24,Printer,South,Arjun,5,52710
ORD0051,2025-10-17,Mouse,South,Sneha,7,11445
ORD0052,2025-08-10,Mouse,East,Meena,6,14442
ORD0053,2025-10-31,Tablet,East,Sneha,7,233198
ORD0054,2025-09-11,Headphones,East,Kiran,2,18226
ORD0055,2025-09-22,Printer,North,Anu,4,29328
ORD0056,2025-02-17,Headphones,East,Priya,7,38059
ORD0057,2025-06-30,Mouse,West,Arjun,4,8568
ORD0058,2025-04-09,Monitor,North,Meena,5,91695
ORD0059,2025-04-02,Monitor,East,Ravi,10,143600
ORD0060,2025-10-21,Tablet,East,Meena,5,150660
ORD0061,2025-09-09,Printer,South,Ravi,8,161040
ORD0062,2025-09-25,Tablet,West,Meena,3,44373
ORD0063,2025-04-17,Printer,North,Arjun,5,51255
ORD0064,2025-12-19,Smartphone,West,Arjun,3,79173
ORD0065,2025-08-06,Laptop,South,Priya,4,255524
ORD0066,2025-08-28,Tablet,East,Vijay,5,69770
ORD0067,2025-11-06,Monitor,East,Ravi,9,248364
ORD0068,2025-09-23,Smartphone,West,Arjun,4,213908
ORD0069,2025-06-20,Tablet,East,Anu,10,386810
ORD0070,2025-06-11,Tablet,East,Sneha,6,128664
ORD0071,2025-09-23,Smartphone,East,Meena,7,105525
ORD0072,2025-01-15,Printer,North,Kiran,1,10978
ORD0073,2025-11-28,Monitor,North,Meena,9,138258
ORD0074,2025-07-16,Monitor,North,Kiran,9,211257
ORD0075,2025-10-28,Smartphone,West,Kiran,5,186370
ORD0076,2025-04-07,Printer,North,Vijay,9,157896
ORD0077,2025-01-19,Headphones,North,Sneha,7,64743
ORD0078,2025-08-29,Smartphone,East,Sneha,8,395744
ORD0079,2025-11-13,Mouse,South,Priya,2,5232
ORD0080,2025-01-15,Monitor,South,Sneha,4,45172
ORD0081,2025-03-29,Laptop,North,Anu,5,342460
ORD0082,2025-05-11,Mouse,South,Meena,10,14400
ORD0083,2025-08-22,Monitor,East,Priya,9,245277
ORD0084,2025-12-04,Mouse,West,Arjun,8,12872
ORD0085,2025-04-23,Laptop,North,Arjun,10,482140
ORD0086,2025-06-01,Tablet,East,Vijay,2,75682
ORD0087,2025-09-04,Tablet,East,Sneha,4,95952
ORD0088,2025-01-08,Smartphone,East,Anu,8,193792
ORD0089,2025-01-13,Printer,East,Priya,6,134694
ORD0090,2025-09-10,Smartphone,South,Anu,8,460384
ORD0091,2025-08-01,Headphones,South,Meena,9,68202
ORD0092,2025-12-18,Mouse,East,Sneha,5,9425
ORD0093,2025-01-26,Laptop,East,Priya,7,441560
ORD0094,2025-03-17,Tablet,South,Arjun,10,391910
ORD0095,2025-07-03,Tablet,North,Sneha,3,114495
ORD0096,2025-08-18,Laptop,East,Anu,3,187173
ORD0097,2025-09-03,Printer,West,Vijay,9,80937
ORD0098,2025-05-21,Smartphone,East,Vijay,8,158528
ORD0099,2025-04-27,Monitor,West,Sneha,8,93992
ORD0100,2025-12-18,Printer,West,Anu,7,84007
ORD0101,2025-12-10,Smartphone,South,Vijay,2,86606
ORD0102,2025-04-19,Keyboard,North,Meena,7,10836
ORD0103,2025-11-08,Headphones,East,Ravi,2,6764
ORD0104,2025-02-05,Tablet,North,Ravi,5,117510
ORD0105,2025-06-16,Smartphone,South,Ravi,9,356886
ORD0106,2025-08-01,Tablet,East,Priya,3,44019
ORD0107,2025-07-22,Smartphone,South,Ravi,6,133602
ORD0108,2025-09-12,Headphones,West,Kiran,5,28430
ORD0109,2025-01-22,Tablet,West,Ravi,7,198744
ORD0110,2025-07-27,Printer,South,Sneha,2,21548
ORD0111,2025-09-26,Tablet,South,Vijay,10,148870
ORD0112,2025-09-29,Monitor,North,Sneha,6,63012
ORD0113,2025-12-02,Keyboard,South,Kiran,3,6363
ORD0114,2025-03-19,Printer,West,Anu,8,138872
ORD0115,2025-08-25,Printer,West,Ravi,8,137368
ORD0116,2025-10-25,Laptop,South,Meena,6,382878
ORD0117,2025-02-13,Headphones,North,Ravi,6,23826
ORD0118,2025-07-18,Headphones,West,Sneha,8,91928
ORD0119,2025-06-20,Laptop,South,Kiran,6,295914
ORD0120,2025-12-10,Keyboard,South,Vijay,5,18925
ORD0121,2025-03-12,Keyboard,North,Anu,1,4683
ORD0122,2025-11-02,Monitor,West,Kiran,2,18472
ORD0123,2025-08-18,Tablet,North,Priya,3,40293
ORD0124,2025-09-15,Monitor,West,Kiran,8,179496
ORD0125,2025-05-26,Headphones,South,Kiran,10,93730
ORD0126,2025-01-14,Monitor,West,Ravi,8,88040
ORD0127,2025-02-20,Mouse,East,Kiran,9,4635
ORD0128,2025-02-10,Tablet,South,Arjun,1,34808
ORD0129,2025-03-04,Headphones,South,Priya,3,25302
ORD0130,2025-10-22,Mouse,North,Kiran,10,29880
ORD0131,2025-09-26,Monitor,East,Anu,7,186893
ORD0132,2025-02-04,Laptop,East,Priya,7,530670
ORD0133,2025-12-23,Smartphone,West,Kiran,10,237430
ORD0134,2025-06-08,Tablet,West,Meena,2,43230
ORD0135,2025-07-08,Monitor,West,Vijay,1,29487
ORD0136,2025-08-06,Printer,South,Vijay,7,67949
ORD0137,2025-11-05,Tablet,West,Kiran,9,138249
ORD0138,2025-02-08,Printer,West,Sneha,6,53274
ORD0139,2025-11-27,Tablet,East,Sneha,1,34219
ORD0140,2025-10-21,Mouse,North,Sneha,10,22180
ORD0141,2025-10-15,Mouse,South,Arjun,6,15120
ORD0142,2025-08-20,Monitor,North,Meena,8,116472
ORD0143,2025-07-05,Smartphone,North,Anu,6,115530
ORD0144,2025-11-10,Headphones,South,Anu,3,22236
ORD0145,2025-11-25,Monitor,South,Meena,7,187866
ORD0146,2025-09-15,Printer,South,Anu,9,190584
ORD0147,2025-05-09,Tablet,North,Arjun,5,112860
ORD0148,2025-10-16,Tablet,South,Ravi,5,142340
ORD0149,2025-09-12,Smartphone,East,Arjun,1,32344
ORD0150,2025-09-05,Printer,West,Priya,4,82476
ORD0151,2025-09-21,Keyboard,South,Sneha,10,39660
ORD0152,2025-07-16,Headphones,West,Priya,8,44488
ORD0153,2025-06-07,Tablet,West,Ravi,6,109320
ORD0154,2025-05-25,Smartphone,West,Meena,7,314755
ORD0155,2025-01-24,Monitor,West,Ravi,9,149994
ORD0156,2025-11-16,Headphones,South,Kiran,6,46974
ORD0157,2025-07-25,Smartphone,South,Ravi,7,260554
ORD0158,2025-11-10,Laptop,East,Kiran,3,200478
ORD0159,2025-09-01,Mouse,South,Sneha,10,27050
ORD0160,2025-01-27,Keyboard,West,Kiran,2,9174
ORD0161,2025-08-03,Mouse,North,Vijay,3,6618
ORD0162,2025-12-06,Headphones,West,Vijay,7,17640
ORD0163,2025-04-09,Keyboard,North,Arjun,3,8595
ORD0164,2025-10-14,Monitor,East,Arjun,4,96092
ORD0165,2025-02-10,Smartphone,East,Meena,10,398830
ORD0166,2025-11-12,Monitor,North,Priya,8,135072
ORD0167,2025-02-21,Laptop,North,Ravi,9,538101
ORD0168,2025-02-15,Tablet,North,Ravi,7,233212
ORD0169,2025-01-05,Tablet,East,Anu,7,275800
ORD0170,2025-05-20,Keyboard,North,Anu,5,8995
ORD0171,2025-03-31,Keyboard,West,Vijay,3,10383
ORD0172,2025-01-04,Keyboard,East,Vijay,2,9222
ORD0173,2025-12-21,Headphones,North,Ravi,8,88344
ORD0174,2025-11-11,Smartphone,North,Priya,8,203736
ORD0175,2025-10-03,Tablet,North,Priya,8,292008
ORD0176,2025-09-16,Smartphone,North,Kiran,9,446526
ORD0177,2025-08-17,Tablet,South,Meena,6,94848
ORD0178,2025-07-22,Tablet,East,Ravi,9,274302
ORD0179,2025-01-17,Headphones,East,Vijay,10,71440
ORD0180,2025-03-10,Tablet,East,Anu,3,73599
ORD0181,2025-12-11,Tablet,West,Vijay,9,145548
ORD0182,2025-11-11,Headphones,South,Priya,4,24064
ORD0183,2025-07-25,Headphones,West,Priya,2,17628
ORD0184,2025-05-02,Headphones,East,Kiran,1,5336
ORD0185,2025-10-12,Headphones,West,Ravi,7,74347
ORD0186,2025-04-05,Keyboard,West,Priya,7,13454
ORD0187,2025-03-10,Headphones,West,Priya,5,53570
ORD0188,2025-01-27,Monitor,East,Vijay,4,80636
ORD0189,2025-06-05,Laptop,South,Priya,2,114662
ORD0190,2025-05-25,Headphones,West,Meena,2,22804
ORD0191,2025-04-15,Keyboard,East,Sneha,5,7535
ORD0192,2025-06-01,Mouse,North,Priya,1,2666
ORD0193,2025-11-25,Keyboard,West,Meena,4,13860
ORD0194,2025-09-26,Tablet,South,Anu,6,213618
ORD0195,2025-04-22,Laptop,West,Sneha,1,72026
ORD0196,2025-09-29,Laptop,East,Arjun,10,766670
ORD0197,2025-11-14,Laptop,East,Sneha,9,658962
ORD0198,2025-12-17,Monitor,South,Ravi,7,185591
ORD0199,2025-09-13,Smartphone,West,Sneha,7,278026
ORD0200,2025-12-17,Smartphone,East,Ravi,9,270513
ORD0201,2025-10-16,Tablet,North,Vijay,6,187410
ORD0202,2025-02-08,Keyboard,East,Vijay,7,10500
ORD0203,2025-12-15,Keyboard,West,Anu,1,3775
ORD0204,2025-07-04,Monitor,South,Anu,4,81804
ORD0205,2025-08-09,Laptop,West,Vijay,5,370730
ORD0206,2025-05-30,Smartphone,West,Vijay,1,38194
ORD0207,2025-06-04,Smartphone,East,Meena,9,472347
ORD0208,2025-05-09,Tablet,North,Meena,2,42084
ORD0209,2025-06-18,Headphones,West,Sneha,8,12880
ORD0210,2025-07-23,Mouse,East,Arjun,10,16860
ORD0211,2025-10-31,Printer,North,Ravi,10,135470
ORD0212,2025-05-04,Printer,East,Kiran,4,67692
ORD0213,2025-12-21,Mouse,West,Ravi,7,18116
ORD0214,2025-10-16,Keyboard,West,Sneha,9,32472
ORD0215,2025-08-17,Mouse,East,Vijay,2,5370
ORD0216,2025-02-13,Printer,South,Kiran,10,206300
ORD0217,2025-02-19,Keyboard,West,Meena,5,23280
ORD0218,2025-05-05,Keyboard,North,Kiran,2,7020
ORD0219,2025-07-22,Keyboard,South,Priya,9,19899
ORD0220,2025-10-02,Printer,North,Sneha,10,103340
ORD0221,2025-11-09,Keyboard,West,Anu,4,13068
ORD0222,2025-03-02,Keyboard,North,Arjun,6,8364
ORD0223,2025-08-05,Smartphone,North,Meena,3,72792
ORD0224,2025-07-03,Tablet,South,Meena,9,193176
ORD0225,2025-09-08,Tablet,North,Anu,4,114248
ORD0226,2025-10-17,Laptop,West,Anu,4,256568
ORD0227,2025-12-01,Smartphone,North,Arjun,5,195210
ORD0228,2025-10-29,Laptop,East,Vijay,8,497784
ORD0229,2025-11-02,Tablet,North,Sneha,10,386570
ORD0230,2025-12-02,Monitor,North,Kiran,5,62210
ORD0231,2025-11-18,Headphones,West,Vijay,3,23802
ORD0232,2025-10-25,Printer,South,Anu,2,35448
ORD0233,2025-06-15,Printer,East,Sneha,6,94794
ORD0234,2025-01-09,Tablet,South,Kiran,10,343650
ORD0235,2025-02-17,Printer,East,Arjun,8,127832
ORD0236,2025-12-27,Smartphone,South,Ravi,6,110358
ORD0237,2025-12-23,Headphones,East,Anu,8,41640
ORD0238,2025-07-08,Mouse,East,Kiran,3,2466
ORD0239,2025-04-20,Mouse,North,Vijay,3,6606
ORD0240,2025-06-11,Printer,North,Priya,4,84280
ORD0241,2025-04-16,Monitor,North,Vijay,2,55818
ORD0242,2025-09-28,Monitor,South,Sneha,1,15899
ORD0243,2025-01-09,Keyboard,South,Ravi,3,6345
ORD0244,2025-08-01,Monitor,West,Vijay,4,98400
ORD0245,2025-04-15,Smartphone,North,Sneha,9,498357
ORD0246,2025-08-11,Mouse,South,Meena,10,14010
ORD0247,2025-09-25,Laptop,East,Kiran,5,282555
ORD0248,2025-02-02,Keyboard,East,Anu,3,12651
ORD0249,2025-05-11,Printer,South,Anu,8,97232
ORD0250,2025-03-18,Headphones,North,Ravi,9,49554
ORD0251,2025-03-03,Mouse,South,Kiran,4,10964
ORD0252,2025-10-11,Headphones,West,Ravi,9,82080
ORD0253,2025-10-30,Keyboard,West,Priya,4,10748
ORD0254,2025-01-01,Headphones,West,Arjun,3,15951
ORD0255,2025-01-23,Smartphone,North,Vijay,4,122432
ORD0256,2025-08-11,Keyboard,North,Priya,8,31440
ORD0257,2025-02-08,Monitor,North,Kiran,5,92110
ORD0258,2025-07-03,Smartphone,North,Meena,3,77316
ORD0259,2025-03-17,Monitor,South,Priya,8,143744
ORD0260,2025-08-20,Keyboard,North,Anu,7,14868
ORD0261,2025-07-10,Printer,South,Arjun,2,40252
ORD0262,2025-01-22,Smartphone,West,Ravi,1,27959
ORD0263,2025-04-20,Tablet,North,Arjun,10,282570
ORD0264,2025-07-30,Monitor,West,Ravi,8,225736
ORD0265,2025-01-10,Smartphone,West,Sneha,5,119965
ORD0266,2025-01-14,Printer,East,Priya,9,116028
ORD0267,2025-05-07,Laptop,North,Arjun,5,244195
ORD0268,2025-12-24,Laptop,East,Ravi,4,330912
ORD0269,2025-01-20,Keyboard,South,Ravi,10,32310
ORD0270,2025-03-08,Headphones,East,Kiran,10,93310
ORD0271,2025-12-27,Keyboard,West,Anu,1,3689
ORD0272,2025-12-29,Keyboard,East,Priya,5,23455
ORD0273,2025-04-04,Tablet,East,Priya,7,113204
ORD0274,2025-11-22,Smartphone,South,Sneha,8,293624
ORD0275,2025-01-25,Printer,West,Meena,1,7041
ORD0276,2025-10-23,Mouse,North,Kiran,3,2445
ORD0277,2025-03-29,Printer,West,Kiran,2,36400
ORD0278,2025-11-07,Smartphone,West,Kiran,9,334323
ORD0279,2025-05-02,Laptop,South,Ravi,2,133396
ORD0280,2025-05-31,Mouse,West,Priya,10,21510
ORD0281,2025-07-23,Smartphone,West,Meena,1,26195
ORD0282,2025-01-23,Monitor,East,Meena,2,40998
ORD0283,2025-10-05,Printer,West,Priya,5,91325
ORD0284,2025-02-10,Laptop,West,Ravi,7,554729
ORD0285,2025-02-10,Tablet,West,Priya,2,34954
ORD0286,2025-10-10,Tablet,East,Arjun,10,358250
ORD0287,2025-10-18,Printer,South,Anu,1,11856
ORD0288,2025-01-20,Smartphone,North,Arjun,5,187675
ORD0289,2025-01-26,Mouse,West,Arjun,3,5271
ORD0290,2025-06-03,Keyboard,West,Sneha,1,1504
ORD0291,2025-09-22,Monitor,East,Ravi,7,157318
ORD0292,2025-04-13,Tablet,South,Priya,2,50436
ORD0293,2025-07-23,Laptop,South,Ravi,8,386504
ORD0294,2025-05-13,Headphones,South,Arjun,6,26454
ORD0295,2025-05-18,Laptop,West,Ravi,7,337771
ORD0296,2025-12-31,Laptop,East,Vijay,8,429368
ORD0297,2025-10-27,Mouse,South,Ravi,6,17724
ORD0298,2025-05-22,Keyboard,East,Arjun,9,41814
ORD0299,2025-01-14,Monitor,West,Arjun,5,49300
ORD0300,2025-12-18,Monitor,West,Sneha,7,189728
ORD0301,2025-12-15,Monitor,East,Anu,3,70278
ORD0302,2025-08-26,Headphones,South,Meena,6,41568
ORD0303,2025-09-29,Laptop,East,Vijay,10,830310
ORD0304,2025-04-03,Laptop,South,Meena,3,162006
ORD0305,2025-10-23,Keyboard,North,Meena,3,8820
ORD0306,2025-01-20,Smartphone,North,Sneha,3,169548
ORD0307,2025-06-09,Laptop,North,Anu,6,478806
ORD0308,2025-09-24,Mouse,East,Vijay,9,14319
ORD0309,2025-04-25,Tablet,North,Priya,6,219474
ORD0310,2025-10-01,Laptop,South,Ravi,10,780710
ORD0311,2025-08-31,Smartphone,North,Priya,1,22588
ORD0312,2025-09-19,Laptop,South,Arjun,5,362910
ORD0313,2025-12-27,Smartphone,West,Arjun,2,56036
ORD0314,2025-12-10,Tablet,South,Anu,1,18805
ORD0315,2025-05-16,Printer,West,Ravi,3,50100
ORD0316,2025-01-05,Smartphone,North,Kiran,3,102126
ORD0317,2025-07-25,Keyboard,West,Meena,6,21042
ORD0318,2025-02-23,Monitor,West,Meena,7,81928
ORD0319,2025-07-30,Printer,West,Ravi,3,32100
ORD0320,2025-09-25,Smartphone,South,Vijay,5,79050
ORD0321,2025-09-16,Headphones,West,Meena,8,62440
ORD0322,2025-10-09,Tablet,West,Vijay,2,39786
ORD0323,2025-06-11,Headphones,South,Meena,2,21776
ORD0324,2025-09-18,Laptop,North,Meena,2,142878
ORD0325,2025-02-28,Keyboard,South,Priya,6,27450
ORD0326,2025-01-24,Laptop,North,Meena,6,409644
ORD0327,2025-08-23,Tablet,North,Sneha,7,224112
ORD0328,2025-03-10,Smartphone,West,Ravi,7,395500
ORD0329,2025-07-18,Laptop,East,Vijay,9,660276
ORD0330,2025-07-31,Mouse,East,Sneha,10,9460
ORD0331,2025-10-05,Headphones,East,Anu,4,25040
ORD0332,2025-09-25,Keyboard,South,Ravi,9,27378
ORD0333,2025-03-16,Mouse,South,Arjun,3,4719
ORD0334,2025-05-02,Headphones,East,Ravi,9,80235
ORD0335,2025-11-14,Mouse,West,Priya,7,10003
ORD0336,2025-04-06,Keyboard,North,Anu,10,43760
ORD0337,2025-01-03,Mouse,East,Meena,1,2792
ORD0338,2025-02-07,Tablet,East,Priya,1,31558
ORD0339,2025-04-24,Tablet,North,Sneha,9,154998
ORD0340,2025-02-28,Keyboard,East,Meena,6,27540
ORD0341,2025-10-04,Headphones,East,Ravi,10,67580
ORD0342,2025-02-12,Keyboard,South,Kiran,9,20493
ORD0343,2025-12-26,Laptop,West,Anu,2,117626
ORD0344,2025-10-13,Tablet,South,Priya,1,13241
ORD0345,2025-12-11,Monitor,South,Ravi,7,155323
ORD0346,2025-05-25,Smartphone,West,Vijay,10,197570
ORD0347,2025-11-21,Mouse,North,Arjun,1,2635
ORD0348,2025-10-03,Keyboard,South,Arjun,1,741
ORD0349,2025-11-12,Headphones,East,Priya,6,59382
ORD0350,2025-05-09,Smartphone,South,Priya,3,55692
ORD0351,2025-04-10,Printer,East,Meena,6,55722
ORD0352,2025-03-28,Printer,South,Sneha,6,126204
ORD0353,2025-08-17,Headphones,East,Arjun,4,29556
ORD0354,2025-04-11,Printer,East,Anu,9,221841
ORD0355,2025-01-19,Smartphone,East,Meena,1,56394
ORD0356,2025-09-19,Tablet,South,Vijay,6,223806
ORD0357,2025-03-23,Keyboard,North,Kiran,9,44199
ORD0358,2025-04-30,Printer,South,Priya,6,114630
ORD0359,2025-11-21,Keyboard,East,Arjun,7,23478
ORD0360,2025-09-22,Tablet,West,Sneha,7,218799
ORD0361,2025-02-09,Keyboard,East,Priya,8,34424
ORD0362,2025-02-28,Tablet,West,Meena,3,95181
ORD0363,2025-10-21,Printer,North,Kiran,4,44760
ORD0364,2025-12-05,Laptop,East,Anu,10,546240
ORD0365,2025-10-26,Headphones,North,Arjun,8,34352
ORD0366,2025-02-25,Tablet,South,Priya,6,188112
ORD0367,2025-03-02,Mouse,South,Meena,3,7728
ORD0368,2025-12-24,Tablet,West,Priya,10,373900
ORD0369,2025-09-02,Printer,North,Anu,7,107380
ORD0370,2025-03-02,Monitor,South,Vijay,10,81790
ORD0371,2025-08-05,Headphones,East,Arjun,6,24210
ORD0372,2025-05-10,Mouse,East,Sneha,4,7664
ORD0373,2025-06-23,Mouse,South,Kiran,3,7446
ORD0374,2025-04-24,Mouse,East,Anu,1,662
ORD0375,2025-08-13,Laptop,South,Priya,7,498792
ORD0376,2025-05-03,Monitor,South,Kiran,4,62364
ORD0377,2025-12-27,Smartphone,South,Anu,5,190710
ORD0378,2025-10-22,Monitor,South,Arjun,9,138735
ORD0379,2025-09-20,Tablet,East,Arjun,7,212135
ORD0380,2025-09-04,Printer,South,Arjun,7,55272
ORD0381,2025-10-02,Smartphone,South,Arjun,7,415534
ORD0382,2025-07-01,Headphones,North,Arjun,5,35515
ORD0383,2025-05-08,Tablet,East,Kiran,4,78780
ORD0384,2025-09-04,Smartphone,East,Sneha,2,118580
ORD0385,2025-01-28,Printer,West,Meena,10,112020
ORD0386,2025-06-11,Laptop,South,Ravi,9,609831
ORD0387,2025-05-15,Headphones,North,Arjun,7,51968
ORD0388,2025-07-06,Printer,West,Arjun,10,191990
ORD0389,2025-07-15,Printer,North,Kiran,3,63486
ORD0390,2025-09-07,Tablet,East,Arjun,8,206496
ORD0391,2025-08-19,Laptop,East,Arjun,7,360402
ORD0392,2025-06-29,Keyboard,North,Kiran,6,5172
ORD0393,2025-08-26,Monitor,North,Kiran,6,135870
ORD0394,2025-06-10,Keyboard,East,Arjun,7,14189
ORD0395,2025-03-27,Monitor,North,Ravi,10,272320
ORD0396,2025-08-31,Tablet,South,Ravi,4,75600
ORD0397,2025-04-28,Mouse,North,Arjun,9,17964
ORD0398,2025-09-01,Printer,West,Arjun,3,52968
ORD0399,2025-06-08,Printer,East,Meena,3,73473
ORD0400,2025-01-01,Headphones,North,Sneha,2,16506
ORD0401,2025-05-30,Monitor,North,Ravi,8,189056
ORD0402,2025-04-23,Keyboard,East,Anu,4,8148
ORD0403,2025-02-05,Mouse,North,Kiran,4,8364
ORD0404,2025-01-10,Monitor,North,Ravi,2,56812
ORD0405,2025-03-19,Laptop,South,Meena,3,155106
ORD0406,2025-02-11,Headphones,North,Ravi,6,57990
ORD0407,2025-03-04,Monitor,North,Vijay,7,100079
ORD0408,2025-12-15,Printer,East,Sneha,4,79000
ORD0409,2025-01-27,Tablet,North,Anu,1,16002
ORD0410,2025-01-05,Headphones,South,Meena,7,42161
ORD0411,2025-01-31,Tablet,East,Kiran,6,103002
ORD0412,2025-01-11,Smartphone,West,Sneha,3,90744
ORD0413,2025-04-08,Tablet,North,Sneha,5,175770
ORD0414,2025-05-15,Keyboard,East,Meena,8,15752
ORD0415,2025-12-04,Laptop,West,Priya,9,628560
ORD0416,2025-09-25,Printer,South,Ravi,9,91386
ORD0417,2025-12-03,Tablet,West,Arjun,3,46521
ORD0418,2025-08-28,Laptop,South,Sneha,6,356790
ORD0419,2025-04-21,Mouse,South,Anu,6,9864
ORD0420,2025-10-13,Headphones,West,Anu,9,91089
ORD0421,2025-12-03,Keyboard,North,Meena,8,31912
ORD0422,2025-10-16,Keyboard,North,Vijay,6,25362
ORD0423,2025-09-23,Monitor,North,Arjun,6,54810
ORD0424,2025-02-18,Laptop,South,Meena,5,297705
ORD0425,2025-02-17,Keyboard,West,Priya,3,7824
ORD0426,2025-02-10,Smartphone,South,Sneha,6,157986
ORD0427,2025-01-28,Keyboard,East,Ravi,7,5551
ORD0428,2025-08-17,Keyboard,South,Priya,9,17586
ORD0429,2025-10-08,Mouse,West,Arjun,5,13700
ORD0430,2025-09-07,Smartphone,West,Priya,7,304318
ORD0431,2025-08-05,Headphones,East,Sneha,4,34184
ORD0432,2025-11-16,Headphones,North,Meena,6,11376
ORD0433,2025-11-14,Laptop,North,Arjun,4,232344
ORD0434,2025-04-19,Laptop,North,Arjun,6,313752
ORD0435,2025-01-31,Printer,East,Priya,10,125810
ORD0436,2025-01-10,Monitor,East,Vijay,1,20735
ORD0437,2025-09-14,Headphones,West,Ravi,7,66080
ORD0438,2025-12-17,Laptop,East,Sneha,4,318780
ORD0439,2025-10-12,Monitor,East,Priya,4,114020
ORD0440,2025-08-02,Tablet,North,Kiran,6,98982
ORD0441,2025-12-17,Mouse,North,Kiran,5,4835
ORD0442,2025-10-13,Monitor,South,Kiran,9,265527
ORD0443,2025-04-07,Keyboard,South,Kiran,3,12987
ORD0444,2025-07-03,Tablet,South,Meena,1,30580
ORD0445,2025-03-12,Tablet,North,Priya,9,317979
ORD0446,2025-04-01,Headphones,West,Meena,1,8267
ORD0447,2025-11-10,Keyboard,South,Anu,8,30528
ORD0448,2025-09-22,Printer,South,Priya,8,157552
ORD0449,2025-11-10,Monitor,South,Kiran,8,184936
ORD0450,2025-06-15,Printer,West,Ravi,8,164408
ORD0451,2025-02-16,Tablet,South,Meena,8,215192
ORD0452,2025-01-23,Keyboard,North,Sneha,2,4018
ORD0453,2025-05-28,Tablet,North,Anu,3,111609
ORD0454,2025-10-06,Tablet,South,Meena,4,148320
ORD0455,2025-05-06,Headphones,East,Priya,4,35736
ORD0456,2025-06-19,Laptop,South,Ravi,3,164148
ORD0457,2025-01-19,Smartphone,South,Arjun,7,179011
ORD0458,2025-03-10,Keyboard,South,Arjun,6,7386
ORD0459,2025-02-14,Keyboard,West,Arjun,9,10584
ORD0460,2025-09-24,Mouse,West,Meena,10,9310
ORD0461,2025-04-17,Tablet,West,Vijay,10,183420
ORD0462,2025-05-11,Laptop,South,Arjun,6,407484
ORD0463,2025-10-19,Monitor,South,Kiran,9,105570
ORD0464,2025-11-18,Headphones,West,Sneha,6,55644
ORD0465,2025-07-01,Printer,South,Kiran,7,125083
ORD0466,2025-06-07,Monitor,East,Ravi,1,13438
ORD0467,2025-06-04,Monitor,North,Anu,7,159656
ORD0468,2025-04-08,Keyboard,East,Meena,1,4653
ORD0469,2025-07-18,Monitor,South,Ravi,6,74088
ORD0470,2025-01-12,Monitor,East,Priya,1,9511
ORD0471,2025-03-18,Keyboard,North,Arjun,4,17252
ORD0472,2025-05-19,Smartphone,North,Arjun,1,48689
ORD0473,2025-01-15,Headphones,West,Ravi,3,21147
ORD0474,2025-06-09,Smartphone,East,Priya,7,144501
ORD0475,2025-08-29,Smartphone,North,Priya,8,189096
ORD0476,2025-09-07,Tablet,South,Anu,10,248470
ORD0477,2025-09-18,Printer,South,Vijay,2,22348
ORD0478,2025-05-03,Smartphone,North,Kiran,6,345372
ORD0479,2025-10-06,Printer,North,Kiran,7,127491
ORD0480,2025-08-16,Smartphone,North,Arjun,10,224920
ORD0481,2025-02-16,Mouse,North,Kiran,2,4848
ORD0482,2025-12-15,Laptop,East,Arjun,3,164337
ORD0483,2025-05-31,Monitor,South,Sneha,7,196259
ORD0484,2025-11-17,Laptop,East,Vijay,1,81702
ORD0485,2025-07-04,Mouse,West,Kiran,7,8190
ORD0486,2025-02-13,Monitor,North,Vijay,3,38154
ORD0487,2025-07-16,Printer,East,Priya,10,217470
ORD0488,2025-10-07,Tablet,East,Ravi,7,216559
ORD0489,2025-05-24,Laptop,West,Anu,10,766710
ORD0490,2025-06-25,Smartphone,South,Meena,4,225324
ORD0491,2025-03-27,Printer,South,Arjun,9,148284
ORD0492,2025-05-27,Monitor,West,Anu,1,9691
ORD0493,2025-01-08,Tablet,South,Kiran,9,182331
ORD0494,2025-06-25,Tablet,South,Kiran,8,164480
ORD0495,2025-01-28,Tablet,East,Anu,8,158376
ORD0496,2025-08-31,Laptop,East,Kiran,3,226227
ORD0497,2025-11-23,Mouse,East,Vijay,1,798
ORD0498,2025-12-11,Monitor,North,Sneha,6,98202
ORD0499,2025-09-26,Tablet,South,Meena,6,204276
ORD0500,2025-11-03,Keyboard,South,Anu,4,5812
